<sinkSources>
	<method signature="&lt;de.testApp.sourcetosink1.MainActivity: java.lang.String source()&gt;" category="NO_CATEGORY">
		<return type="java.lang.String">
			<accessPath isSource="true" isSink="false" length="0">
			   	<!-- Wenn leer, dann primitiver Datentyp (int, double, String,...)-->
			</accessPath>
		</return>
	</method>
	<method signature="&lt;de.testApp.sourcetosink1.MainActivity: void sink(java.lang.String)&gt;" category="NO_CATEGORY">
		<param index="0" type="java.lang.String">
			<accessPath isSource="false" isSink="true" length="0">
			</accessPath>
		</param>
	</method>
	
	<method signature="&lt;de.testApp.sourcetosink2.MainActivity: java.lang.String source()&gt;" category="NO_CATEGORY">
		<return type="java.lang.String">
			<accessPath isSource="true" isSink="false" length="0">
			</accessPath>
		</return>
	</method>
	<method signature="&lt;de.testApp.sourcetosink2.MainActivity: void sink1(java.lang.String,java.lang.String)&gt;" category="NO_CATEGORY">
		<param index="0" type="java.lang.String">
			<accessPath isSource="false" isSink="true" length="0">
			</accessPath>
		</param>
		<param index="1" type="java.lang.String">
			<accessPath isSource="false" isSink="true" length="0">
			</accessPath>
		</param>
	</method>
	<method signature="&lt;de.testApp.sourcetosink2.MainActivity: void sink2(java.lang.String,java.lang.String)&gt;" category="NO_CATEGORY">
		<!--first Parameter missing because it is no sink--> 
		<param index="0" type="java.lang.String">
			<accessPath isSource="false" isSink="false" length="0">
			</accessPath>
		</param>
		<param index="1" type="java.lang.String">
			<accessPath isSource="false" isSink="true" length="0">
			</accessPath>
		</param>
	</method>
	<method signature="&lt;de.testApp.sourcetosink2.MainActivity: void noSink(java.lang.String)&gt;" category="NO_CATEGORY">
		<param index="0" type="java.lang.String">
			<accessPath isSource="false" isSink="false" length="0">
			</accessPath>
		</param>
	</method>
		
	<method signature="&lt;de.testApp.sourcetosink3.MainActivity: void source1(de.testApp.sourcetosink3.MainActivity$A)&gt;" category="NO_CATEGORY">
		<param index="0" type="de.testApp.sourcetosink3.MainActivity$A">
			<accessPath isSource="true" isSink="false" length="1">
			    <pathElement index="0" type="double" field="b" />
			</accessPath>
		</param>
	</method>	
	
	<method signature="&lt;de.testApp.sourcetosink3.MainActivity: void sink1(double,boolean)&gt;" category="NO_CATEGORY">
		<param index="0" type="double">
			<accessPath isSource="false" isSink="true" length="0">
			</accessPath>
		</param>
	</method>
	<method signature="&lt;de.testApp.sourcetosink3.MainActivity: void sink2(java.lang.Object,boolean)&gt;" category="NO_CATEGORY">
		<param index="0" type="java.lang.Object">
			<accessPath isSource="false" isSink="true" length="0">
			</accessPath>
		</param>
	</method>	
	
	<method signature="&lt;de.testApp.sourcetosink4.MainActivity: java.lang.String source()&gt;" category="NO_CATEGORY">
		<base type="de.testApp.sourcetosink4.MainActivity">
			<accessPath isSource="true" isSink="false" length="1">
			    <pathElement index="0" type="java.lang.String" field="a" />
			</accessPath>
		</base>
		<return type="java.lang.String">
			<accessPath isSource="true" isSink="false" length="0">
			</accessPath>
		</return>
	</method>
	<method signature="&lt;de.testApp.sourcetosink4.MainActivity: void sink()&gt;" category="NO_CATEGORY">
		<base type="de.testApp.sourcetosink4.MainActivity">
			<accessPath isSource="false" isSink="true" length="1">
			    <pathElement index="0" type="java.lang.String" field="a" />
			</accessPath>
		</base>
	</method>
	
	<method signature="&lt;de.testApp.sourcetosink5.MainActivity: void source1()&gt;" category="NO_CATEGORY">
		<base type="de.testApp.sourcetosink5.MainActivity">
			<accessPath isSource="true" isSink="false" length="1">
			    <pathElement index="0" type="double" field="a" />
			</accessPath>
		</base>
	</method>
	<method signature="&lt;de.testApp.sourcetosink5.MainActivity: void sink1(double,boolean)&gt;" category="NO_CATEGORY">
		<param index="0" type="double">
			<accessPath isSource="false" isSink="true" length="0">
			</accessPath>
		</param>
	</method>
	<method signature="&lt;de.testApp.sourcetosink5.MainActivity: void sink2(java.lang.Object,boolean)&gt;" category="NO_CATEGORY">
		<param index="0" type="java.lang.Object">
			<accessPath isSource="false" isSink="true" length="0">
			</accessPath>
		</param>
	</method>	
	
	<method signature="&lt;de.testApp.sourcetosink6.SourceAndSinks: void parameterSource(de.testApp.sourcetosink6.ObjA)&gt;" category="NO_CATEGORY">
		<param index="0" type="de.testApp.sourcetosink6.ObjA">
			<accessPath isSource="true" isSink="false" length="2">
			    <pathElement index="0" type="de.testApp.sourcetosink6.ObjAB" field="ab" />
			    <pathElement index="1" type="java.lang.String" field="f" />
			</accessPath>
		</param>
	</method>
	<method signature="&lt;de.testApp.sourcetosink6.SourceAndSinks: void baseSource()&gt;" category="NO_CATEGORY">
		<base type="de.testApp.sourcetosink6.SourceAndSinks">
			<accessPath isSource="true" isSink="false" length="1">
			    <pathElement index="0" type="java.lang.String" field="a" />
			</accessPath>
		</base>
	</method>
	<method signature="&lt;de.testApp.sourcetosink6.SourceAndSinks: java.lang.String returnSource()&gt;" category="NO_CATEGORY">
		<return type="java.lang.String">
			<accessPath isSource="true" isSink="false" length="0">
			</accessPath>
		</return>
	</method>
	<method signature="&lt;de.testApp.sourcetosink6.SourceAndSinks: void parameterSink(de.testApp.sourcetosink6.ObjA,de.testApp.sourcetosink6.ObjA)&gt;" category="NO_CATEGORY">
		<param index="0" type="de.testApp.sourcetosink6.ObjA">
			<accessPath isSource="false" isSink="true" length="1">
			    <pathElement index="0" type="java.lang.String" field="f" />
			</accessPath>
		</param>
		<param index="1" type="de.testApp.sourcetosink6.ObjA">
			<accessPath isSource="false" isSink="true" length="0">
			</accessPath>
		</param>
	</method>
	<method signature="&lt;de.testApp.sourcetosink6.SourceAndSinks: void baseSink()&gt;" category="NO_CATEGORY">
		<base type="de.testApp.sourcetosink6.SourceAndSinks">
			<accessPath isSource="false" isSink="true" length="1">
			    <pathElement index="0" type="java.lang.String" field="a" />
			</accessPath>
		</base>
	</method>
</sinkSources>