<sinkSources>
	<method signature="&lt;com.example.androidtest.Sources: java.lang.String sourceTest(com.example.androidtest.MyTestObject,int)&gt;" category="NO_CATEGORY">
		<base type="com.example.androidtest.Sources">
			<accessPath isSource="false" isSink="true" length="0">
			</accessPath>
		</base>
		<return type="java.lang.String">
			<accessPath isSource="true" isSink="false" length="0"> 
			</accessPath>
		</return>
		<param index="0" type="com.example.androidtest.MyTestObject">
			<accessPath isSource="false" isSink="true" length="2"> 
				<pathElement index="0" type="SomeClassA" field="c" />
				<pathElement index="1" type="java.lang.String" field="s" />
			</accessPath>
			<accessPath isSource="true" isSink="false" length="1"> 
				<pathElement index="0" type="SomeClassB" field="d" />
			</accessPath>
		</param>
		<param index="1" type="int">
			<accessPath isSource="true" isSink="false" length="0"> 
			</accessPath>
		</param>
	</method>
	<method signature="&lt;com.example.androidtest.Sinks: void sinkTest(double,double)&gt;" category="CONTACT_INFORMATION">
		<param index="0" type="double">
			<accessPath isSource="false" isSink="true" length="0">  
				<!-- Wenn leer, dann primitiver Datentyp (int, double, String,...)-->
			</accessPath>
		</param>
	</method>
</sinkSources>
